game_platform_id,game_id,platform_id,version,verification_status
GP-001,GM-001,PLAT-PS5,STANDARD,RESEARCH_REQUIRED
GP-002,GM-002,PLAT-PS5,STANDARD,RESEARCH_REQUIRED
GP-003,GM-003,PLAT-PS5,STANDARD,RESEARCH_REQUIRED
GP-004,GM-004,PLAT-PS5,STANDARD,RESEARCH_REQUIRED
GP-005,GM-005,PLAT-PS5,STANDARD,RESEARCH_REQUIRED
GP-006,GM-006,PLAT-PS5,STANDARD,RESEARCH_REQUIRED
GP-007,GM-007,PLAT-PS5,STANDARD,RESEARCH_REQUIRED
GP-008,GM-008,PLAT-PS5,STANDARD,RESEARCH_REQUIRED
GP-009,GM-009,PLAT-PS5,STANDARD,RESEARCH_REQUIRED
GP-010,GM-010,PLAT-PS5,STANDARD,RESEARCH_REQUIRED
GP-011,GM-011,PLAT-PS5,STANDARD,RESEARCH_REQUIRED
GP-012,GM-012,PLAT-PS5,STANDARD,RESEARCH_REQUIRED
GP-013,GM-013,PLAT-PS5,STANDARD,RESEARCH_REQUIRED
GP-014,GM-014,PLAT-PS5,STANDARD,RESEARCH_REQUIRED
GP-015,GM-015,PLAT-PS5,STANDARD,RESEARCH_REQUIRED
GP-016,GM-016,PLAT-PS5,STANDARD,RESEARCH_REQUIRED
GP-017,GM-017,PLAT-PS5,STANDARD,RESEARCH_REQUIRED
GP-018,GM-018,PLAT-PS5,STANDARD,RESEARCH_REQUIRED
GP-019,GM-019,PLAT-PS5,STANDARD,RESEARCH_REQUIRED
GP-020,GM-020,PLAT-PS5,STANDARD,RESEARCH_REQUIRED
GP-021,GM-021,PLAT-PS5,STANDARD,RESEARCH_REQUIRED
GP-022,GM-022,PLAT-PS5,STANDARD,RESEARCH_REQUIRED
GP-023,GM-023,PLAT-PS5,STANDARD,RESEARCH_REQUIRED
GP-024,GM-024,PLAT-PS5,STANDARD,RESEARCH_REQUIRED
GP-025,GM-025,PLAT-PS5,STANDARD,RESEARCH_REQUIRED
GP-026,GM-026,PLAT-PS5,STANDARD,RESEARCH_REQUIRED
GP-027,GM-027,PLAT-PS5,STANDARD,RESEARCH_REQUIRED
GP-028,GM-028,PLAT-PS5,STANDARD,RESEARCH_REQUIRED
GP-029,GM-029,PLAT-PS5,STANDARD,RESEARCH_REQUIRED
GP-030,GM-030,PLAT-PS5,STANDARD,RESEARCH_REQUIRED
GP-031,GM-031,PLAT-PS5,STANDARD,RESEARCH_REQUIRED
GP-032,GM-032,PLAT-PS5,STANDARD,RESEARCH_REQUIRED
GP-033,GM-033,PLAT-PS5,STANDARD,RESEARCH_REQUIRED
GP-034,GM-034,PLAT-PS5,STANDARD,RESEARCH_REQUIRED
GP-035,GM-035,PLAT-PS5,STANDARD,RESEARCH_REQUIRED
GP-036,GM-036,PLAT-PS5,STANDARD,RESEARCH_REQUIRED
GP-037,GM-037,PLAT-PS5,STANDARD,RESEARCH_REQUIRED
GP-038,GM-038,PLAT-PS5,STANDARD,RESEARCH_REQUIRED
GP-039,GM-039,PLAT-PS5,STANDARD,RESEARCH_REQUIRED
GP-040,GM-040,PLAT-PS5,STANDARD,RESEARCH_REQUIRED
GP-041,GM-041,PLAT-PS5,STANDARD,RESEARCH_REQUIRED
GP-042,GM-042,PLAT-PS5,STANDARD,RESEARCH_REQUIRED
GP-043,GM-043,PLAT-PS5,STANDARD,RESEARCH_REQUIRED
GP-044,GM-044,PLAT-PS5,STANDARD,RESEARCH_REQUIRED
GP-045,GM-045,PLAT-PS5,STANDARD,RESEARCH_REQUIRED
GP-046,GM-046,PLAT-PS5,STANDARD,RESEARCH_REQUIRED
GP-047,GM-047,PLAT-PS5,STANDARD,RESEARCH_REQUIRED
GP-048,GM-048,PLAT-PS5,STANDARD,RESEARCH_REQUIRED
GP-049,GM-049,PLAT-PS5,STANDARD,RESEARCH_REQUIRED
GP-050,GM-050,PLAT-SWITCH,STANDARD,RESEARCH_REQUIRED
GP-051,GM-051,PLAT-SWITCH,STANDARD,RESEARCH_REQUIRED
GP-052,GM-052,PLAT-SWITCH,STANDARD,RESEARCH_REQUIRED
GP-053,GM-053,PLAT-SWITCH,STANDARD,RESEARCH_REQUIRED
GP-054,GM-054,PLAT-SWITCH,STANDARD,RESEARCH_REQUIRED
GP-055,GM-055,PLAT-SWITCH,STANDARD,RESEARCH_REQUIRED
GP-056,GM-056,PLAT-SWITCH,STANDARD,RESEARCH_REQUIRED
GP-057,GM-057,PLAT-SWITCH,STANDARD,RESEARCH_REQUIRED
GP-058,GM-058,PLAT-PS5,STANDARD,RESEARCH_REQUIRED
