game_id,name,slug,description,short_description,developer,publisher,release_date,age_rating,research_status,active,data_status
GM-001,A Way Out,a-way-out,,,,,,,RESEARCH_REQUIRED,True,SOURCE
GM-002,Black Myth: Wukong,black-myth-wukong,,,,,,,RESEARCH_REQUIRED,True,SOURCE
GM-003,Tekken 8,tekken-8,,,,,,,RESEARCH_REQUIRED,True,SOURCE
GM-004,EA Sports FC 25,ea-sports-fc-25,,,,,,,RESEARCH_REQUIRED,True,SOURCE
GM-005,Marvel Rivals,marvel-rivals,,,,,,,RESEARCH_REQUIRED,True,SOURCE
GM-006,Rabbids Party of Legends,rabbids-party-of-legends,,,,,,,RESEARCH_REQUIRED,True,SOURCE
GM-007,Crash Team Racing Nitro-Fueled,crash-team-racing-nitro-fueled,,,,,,,RESEARCH_REQUIRED,True,SOURCE
GM-008,Dragon Ball: Sparking! ZERO,dragon-ball-sparking-zero,,,,,,,RESEARCH_REQUIRED,True,SOURCE
GM-009,Cat Quest II,cat-quest-ii,,,,,,,RESEARCH_REQUIRED,True,SOURCE
GM-010,Overcooked! All You Can Eat,overcooked-all-you-can-eat,,,,,,,RESEARCH_REQUIRED,True,SOURCE
GM-011,NBA 2K25,nba-2k25,,,,,,,RESEARCH_REQUIRED,True,SOURCE
GM-012,eFootball 2024,efootball-2024,,,,,,,RESEARCH_REQUIRED,True,SOURCE
GM-013,Assassin's Creed Valhalla,assassins-creed-valhalla,,,,,,,RESEARCH_REQUIRED,True,SOURCE
GM-014,RIDE 5,ride-5,,,,,,,RESEARCH_REQUIRED,True,SOURCE
GM-015,It Takes Two,it-takes-two,,,,,,,RESEARCH_REQUIRED,True,SOURCE
GM-016,Tennis World Tour 2,tennis-world-tour-2,,,,,,,RESEARCH_REQUIRED,True,SOURCE
GM-017,Disney Speedstorm,disney-speedstorm,,,,,,,RESEARCH_REQUIRED,True,SOURCE
GM-018,Alienation,alienation,,,,,,,RESEARCH_REQUIRED,True,SOURCE
GM-019,Grand Theft Auto V,grand-theft-auto-v,,,,,,,RESEARCH_REQUIRED,True,SOURCE
GM-020,Dead Space,dead-space,,,,,,,RESEARCH_REQUIRED,True,SOURCE
GM-021,One Piece Odyssey,one-piece-odyssey,,,,,,,RESEARCH_REQUIRED,True,SOURCE
GM-022,UFC 5,ufc-5,,,,,,,RESEARCH_REQUIRED,True,SOURCE
GM-023,Watch Dogs 2,watch-dogs-2,,,,,,,RESEARCH_REQUIRED,True,SOURCE
GM-024,Ghostwire: Tokyo,ghostwire-tokyo,,,,,,,RESEARCH_REQUIRED,True,SOURCE
GM-025,Battlefield 1,battlefield-1,,,,,,,RESEARCH_REQUIRED,True,SOURCE
GM-026,Helldivers 2,helldivers-2,,,,,,,RESEARCH_REQUIRED,True,SOURCE
GM-027,Gran Turismo 7,gran-turismo-7,,,,,,,RESEARCH_REQUIRED,True,SOURCE
GM-028,MotoGP 24,motogp-24,,,,,,,RESEARCH_REQUIRED,True,SOURCE
GM-029,Street Fighter 6,street-fighter-6,,,,,,,RESEARCH_REQUIRED,True,SOURCE
GM-030,Marvel's Spider-Man 2,marvels-spider-man-2,,,,,,,RESEARCH_REQUIRED,True,SOURCE
GM-031,Elden Ring,elden-ring,,,,,,,RESEARCH_REQUIRED,True,SOURCE
GM-032,F1 23,f1-23,,,,,,,RESEARCH_REQUIRED,True,SOURCE
GM-033,Unravel Two,unravel-two,,,,,,,RESEARCH_REQUIRED,True,SOURCE
GM-034,Maneater,maneater,,,,,,,RESEARCH_REQUIRED,True,SOURCE
GM-035,Undisputed,undisputed,,,,,,,RESEARCH_REQUIRED,True,SOURCE
GM-036,Naruto Shippuden: Ultimate Ninja Storm 4,naruto-shippuden-ultimate-ninja-storm-4,,,,,,,RESEARCH_REQUIRED,True,SOURCE
GM-037,Call of Duty: Black Ops III,call-of-duty-black-ops-iii,,,,,,,RESEARCH_REQUIRED,True,SOURCE
GM-038,LEGO Jurassic World,lego-jurassic-world,,,,,,,RESEARCH_REQUIRED,True,SOURCE
GM-039,OddBallers,oddballers,,,,,,,RESEARCH_REQUIRED,True,SOURCE
GM-040,Alan Wake II,alan-wake-ii,,,,,,,RESEARCH_REQUIRED,True,SOURCE
GM-041,Call of Duty: Black Ops 6,call-of-duty-black-ops-6,,,,,,,RESEARCH_REQUIRED,True,SOURCE
GM-042,Brothers: A Tale of Two Sons,brothers-a-tale-of-two-sons,,,,,,,RESEARCH_REQUIRED,True,SOURCE
GM-043,Garfield Lasagna Party,garfield-lasagna-party,,,,,,,RESEARCH_REQUIRED,True,SOURCE
GM-044,Little Nightmares,little-nightmares,,,,,,,RESEARCH_REQUIRED,True,SOURCE
GM-045,PICO PARK,pico-park,,,,,,,RESEARCH_REQUIRED,True,SOURCE
GM-046,Riders Republic,riders-republic,,,,,,,RESEARCH_REQUIRED,True,SOURCE
GM-047,Road 96,road-96,,,,,,,RESEARCH_REQUIRED,True,SOURCE
GM-048,Unknown 9: Awakening,unknown-9-awakening,,,,,,,RESEARCH_REQUIRED,True,SOURCE
GM-049,Overpass 2,overpass-2,,,,,,,RESEARCH_REQUIRED,True,SOURCE
GM-050,Mario Kart 8 Deluxe,mario-kart-8-deluxe,,,,,,,RESEARCH_REQUIRED,True,SOURCE
GM-051,Kirby's Return to Dream Land Deluxe,kirbys-return-to-dream-land-deluxe,,,,,,,RESEARCH_REQUIRED,True,SOURCE
GM-052,Teenage Mutant Ninja Turtles: Shredder's Revenge,teenage-mutant-ninja-turtles-shredders-revenge,,,,,,,RESEARCH_REQUIRED,True,SOURCE
GM-053,ARMS,arms,,,,,,,RESEARCH_REQUIRED,True,SOURCE
GM-054,Just Dance 2022,just-dance-2022,,,,,,,RESEARCH_REQUIRED,True,SOURCE
GM-055,Mario Tennis Aces,mario-tennis-aces,,,,,,,RESEARCH_REQUIRED,True,SOURCE
GM-056,The House of the Dead: Remake,the-house-of-the-dead-remake,,,,,,,RESEARCH_REQUIRED,True,SOURCE
GM-057,Mario Party Superstars,mario-party-superstars,,,,,,,RESEARCH_REQUIRED,True,SOURCE
GM-058,Captain Tsubasa: Rise of New Champions,captain-tsubasa-rise-of-new-champions,,,,,,,RESEARCH_REQUIRED,True,SOURCE
