game_availability_id,game_id,branch_id,available,condition,verification_status
GA-001,GM-001,BR-B5,True,AVAILABLE,SOURCE
GA-002,GM-001,BR-GANET,True,AVAILABLE,SOURCE
GA-003,GM-002,BR-B5,True,AVAILABLE,SOURCE
GA-004,GM-002,BR-GANET,True,AVAILABLE,SOURCE
GA-005,GM-003,BR-B5,True,AVAILABLE,SOURCE
GA-006,GM-003,BR-GANET,True,AVAILABLE,SOURCE
GA-007,GM-004,BR-GANET,True,AVAILABLE,SOURCE
GA-008,GM-005,BR-B5,True,AVAILABLE,SOURCE
GA-009,GM-005,BR-GANET,True,AVAILABLE,SOURCE
GA-010,GM-006,BR-B5,True,AVAILABLE,SOURCE
GA-011,GM-006,BR-GANET,True,AVAILABLE,SOURCE
GA-012,GM-007,BR-GANET,True,AVAILABLE,SOURCE
GA-013,GM-008,BR-GANET,True,AVAILABLE,SOURCE
GA-014,GM-009,BR-B5,True,AVAILABLE,SOURCE
GA-015,GM-009,BR-GANET,True,AVAILABLE,SOURCE
GA-016,GM-010,BR-B5,True,AVAILABLE,SOURCE
GA-017,GM-010,BR-GANET,True,AVAILABLE,SOURCE
GA-018,GM-011,BR-B5,True,AVAILABLE,SOURCE
GA-019,GM-011,BR-GANET,True,AVAILABLE,SOURCE
GA-020,GM-012,BR-B5,True,AVAILABLE,SOURCE
GA-021,GM-012,BR-GANET,True,AVAILABLE,SOURCE
GA-022,GM-013,BR-B5,True,AVAILABLE,SOURCE
GA-023,GM-013,BR-GANET,True,AVAILABLE,SOURCE
GA-024,GM-014,BR-B5,True,AVAILABLE,SOURCE
GA-025,GM-014,BR-GANET,True,AVAILABLE,SOURCE
GA-026,GM-015,BR-B5,True,AVAILABLE,SOURCE
GA-027,GM-015,BR-GANET,True,AVAILABLE,SOURCE
GA-028,GM-016,BR-B5,True,AVAILABLE,SOURCE
GA-029,GM-016,BR-GANET,True,AVAILABLE,SOURCE
GA-030,GM-017,BR-B5,True,AVAILABLE,SOURCE
GA-031,GM-017,BR-GANET,True,AVAILABLE,SOURCE
GA-032,GM-018,BR-B5,True,AVAILABLE,SOURCE
GA-033,GM-018,BR-GANET,True,AVAILABLE,SOURCE
GA-034,GM-019,BR-GANET,True,AVAILABLE,SOURCE
GA-035,GM-020,BR-GANET,True,AVAILABLE,SOURCE
GA-036,GM-021,BR-GANET,True,AVAILABLE,SOURCE
GA-037,GM-022,BR-GANET,True,AVAILABLE,SOURCE
GA-038,GM-023,BR-GANET,True,AVAILABLE,SOURCE
GA-039,GM-024,BR-B5,True,AVAILABLE,SOURCE
GA-040,GM-024,BR-GANET,True,AVAILABLE,SOURCE
GA-041,GM-025,BR-B5,True,AVAILABLE,SOURCE
GA-042,GM-026,BR-B5,True,AVAILABLE,SOURCE
GA-043,GM-027,BR-B5,True,AVAILABLE,SOURCE
GA-044,GM-028,BR-B5,True,AVAILABLE,SOURCE
GA-045,GM-029,BR-B5,True,AVAILABLE,SOURCE
GA-046,GM-030,BR-B5,True,AVAILABLE,SOURCE
GA-047,GM-031,BR-B5,True,AVAILABLE,SOURCE
GA-048,GM-032,BR-B5,True,AVAILABLE,SOURCE
GA-049,GM-033,BR-GANET,True,AVAILABLE,SOURCE
GA-050,GM-034,BR-B5,True,AVAILABLE,SOURCE
GA-051,GM-034,BR-GANET,True,AVAILABLE,SOURCE
GA-052,GM-035,BR-B5,True,AVAILABLE,SOURCE
GA-053,GM-035,BR-GANET,True,AVAILABLE,SOURCE
GA-054,GM-036,BR-B5,True,AVAILABLE,SOURCE
GA-055,GM-036,BR-GANET,True,AVAILABLE,SOURCE
GA-056,GM-037,BR-B5,True,AVAILABLE,SOURCE
GA-057,GM-038,BR-B5,True,AVAILABLE,SOURCE
GA-058,GM-039,BR-B5,True,AVAILABLE,SOURCE
GA-059,GM-040,BR-GANET,True,AVAILABLE,SOURCE
GA-060,GM-041,BR-GANET,True,AVAILABLE,SOURCE
GA-061,GM-042,BR-GANET,True,AVAILABLE,SOURCE
GA-062,GM-043,BR-GANET,True,AVAILABLE,SOURCE
GA-063,GM-044,BR-GANET,True,AVAILABLE,SOURCE
GA-064,GM-045,BR-GANET,True,AVAILABLE,SOURCE
GA-065,GM-046,BR-GANET,True,AVAILABLE,SOURCE
GA-066,GM-047,BR-GANET,True,AVAILABLE,SOURCE
GA-067,GM-048,BR-GANET,True,AVAILABLE,SOURCE
GA-068,GM-049,BR-GANET,True,AVAILABLE,SOURCE
GA-069,GM-050,BR-GANET,True,AVAILABLE,SOURCE
GA-070,GM-051,BR-GANET,True,AVAILABLE,SOURCE
GA-071,GM-052,BR-GANET,True,AVAILABLE,SOURCE
GA-072,GM-053,BR-GANET,True,AVAILABLE,SOURCE
GA-073,GM-054,BR-GANET,True,AVAILABLE,SOURCE
GA-074,GM-055,BR-GANET,True,AVAILABLE,SOURCE
GA-075,GM-056,BR-GANET,True,AVAILABLE,SOURCE
GA-076,GM-057,BR-GANET,True,AVAILABLE,SOURCE
GA-077,GM-058,BR-GANET,True,AVAILABLE,SOURCE
