pricing_id,branch_id,facility_type_id,pricing_type,duration_minutes,price,source_date,data_status
PRICE-B5-REG-1H,BR-B5,FAC-REGULAR,HOURLY,60,15000,2025-01-24,SOURCE
PRICE-B5-REG-3H,BR-B5,FAC-REGULAR,PACKAGE,180,40000,2025-01-24,SOURCE
PRICE-B5-CAP-1H,BR-B5,FAC-CAPSULE,HOURLY,60,15000,2025-01-24,SOURCE
PRICE-B5-CAP-3H,BR-B5,FAC-CAPSULE,PACKAGE,180,40000,2025-01-24,SOURCE
PRICE-B5-STEER-1H,BR-B5,FAC-STEERING,HOURLY,60,15000,2025-01-24,SOURCE
PRICE-B5-STEER-3H,BR-B5,FAC-STEERING,PACKAGE,180,40000,2025-01-24,SOURCE
PRICE-GN-REG-1H,BR-GANET,FAC-REGULAR,HOURLY,60,15000,2025-02-05,SOURCE
PRICE-GN-REG-3H,BR-GANET,FAC-REGULAR,PACKAGE,180,40000,2025-02-05,SOURCE
PRICE-GN-CAP-1H,BR-GANET,FAC-CAPSULE,HOURLY,60,20000,2025-02-05,SOURCE
PRICE-GN-CAP-3H,BR-GANET,FAC-CAPSULE,PACKAGE,180,50000,2025-02-05,SOURCE
PRICE-GN-VIP-1H,BR-GANET,FAC-VIP,HOURLY,60,35000,2025-02-05,SOURCE
PRICE-GN-VIP-2H,BR-GANET,FAC-VIP,PACKAGE,120,60000,2025-02-05,SOURCE
PRICE-GN-VIP-4H,BR-GANET,FAC-VIP,PACKAGE,240,110000,2025-02-05,SOURCE
PRICE-GN-VIP-6H,BR-GANET,FAC-VIP,PACKAGE,360,160000,2025-02-05,SOURCE
PRICE-GN-VVIP-1H,BR-GANET,FAC-VVIP,HOURLY,60,60000,2025-02-05,SOURCE
PRICE-GN-VVIP-2H,BR-GANET,FAC-VVIP,PACKAGE,120,110000,2025-02-05,SOURCE
PRICE-GN-VVIP-4H,BR-GANET,FAC-VVIP,PACKAGE,240,210000,2025-02-05,SOURCE
PRICE-GN-VVIP-6H,BR-GANET,FAC-VVIP,PACKAGE,360,288000,2025-02-05,SOURCE
PRICE-B5-VIP-1H-DRAFT,BR-B5,FAC-VIP,HOURLY,60,35000,,DRAFT
PRICE-B5-VVIP-1H-DRAFT,BR-B5,FAC-VVIP,HOURLY,60,60000,,DRAFT
PRICE-B5-SW-1H-DRAFT,BR-B5,FAC-SWITCH,HOURLY,60,20000,,DRAFT
PRICE-B5-VR-1H-DRAFT,BR-B5,FAC-PSVR2,HOURLY,60,35000,,DRAFT
PRICE-GN-STEER-1H-DRAFT,BR-GANET,FAC-STEERING,HOURLY,60,20000,,DRAFT
PRICE-GN-VR-1H-DRAFT,BR-GANET,FAC-PSVR2,HOURLY,60,35000,,DRAFT
