snack_id,name,category,price,stock,min_stock,active,data_status
SNK-001,Popcorn,SNACK,10000,30,10,True,DRAFT
SNK-002,Kentang Goreng,SNACK,15000,20,5,True,DRAFT
SNK-003,Sosis Goreng,SNACK,15000,30,10,True,DRAFT
SNK-004,Nugget,SNACK,15000,30,10,True,DRAFT
SNK-005,Mie Instan,INSTANT_FOOD,12000,40,10,True,DRAFT
SNK-006,Mie + Telur,INSTANT_FOOD,17000,30,10,True,DRAFT
SNK-007,Roti Bakar,SNACK,15000,20,5,True,DRAFT
SNK-008,Air Mineral,DRINK,5000,50,15,True,DRAFT
SNK-009,Teh Botol,DRINK,7000,30,10,True,DRAFT
SNK-010,Kopi,DRINK,8000,40,10,True,DRAFT
SNK-011,Soda,DRINK,10000,30,10,True,DRAFT
SNK-012,Paket Gamer,COMBO,25000,10,3,True,DRAFT
