unit_id,branch_id,facility_type_id,name,status,condition,data_status
B5-R01,BR-B5,FAC-REGULAR,Regular 01,AVAILABLE,GOOD,DRAFT
B5-R02,BR-B5,FAC-REGULAR,Regular 02,AVAILABLE,GOOD,DRAFT
B5-R03,BR-B5,FAC-REGULAR,Regular 03,AVAILABLE,GOOD,DRAFT
B5-R04,BR-B5,FAC-REGULAR,Regular 04,AVAILABLE,GOOD,DRAFT
B5-R05,BR-B5,FAC-REGULAR,Regular 05,AVAILABLE,GOOD,DRAFT
B5-R06,BR-B5,FAC-REGULAR,Regular 06,AVAILABLE,GOOD,DRAFT
B5-C01,BR-B5,FAC-CAPSULE,Capsule 01,AVAILABLE,GOOD,DRAFT
B5-C02,BR-B5,FAC-CAPSULE,Capsule 02,AVAILABLE,GOOD,DRAFT
B5-S01,BR-B5,FAC-STEERING,Steering 01,AVAILABLE,GOOD,DRAFT
GN-R01,BR-GANET,FAC-REGULAR,Regular 01,AVAILABLE,GOOD,DRAFT
GN-R02,BR-GANET,FAC-REGULAR,Regular 02,AVAILABLE,GOOD,DRAFT
GN-R03,BR-GANET,FAC-REGULAR,Regular 03,AVAILABLE,GOOD,DRAFT
GN-R04,BR-GANET,FAC-REGULAR,Regular 04,AVAILABLE,GOOD,DRAFT
GN-R05,BR-GANET,FAC-REGULAR,Regular 05,AVAILABLE,GOOD,DRAFT
GN-R06,BR-GANET,FAC-REGULAR,Regular 06,AVAILABLE,GOOD,DRAFT
GN-C01,BR-GANET,FAC-CAPSULE,Capsule 01,AVAILABLE,GOOD,DRAFT
GN-C02,BR-GANET,FAC-CAPSULE,Capsule 02,AVAILABLE,GOOD,DRAFT
GN-V01,BR-GANET,FAC-VIP,VIP 01,AVAILABLE,GOOD,DRAFT
GN-V02,BR-GANET,FAC-VIP,VIP 02,AVAILABLE,GOOD,DRAFT
GN-VV01,BR-GANET,FAC-VVIP,VVIP 01,AVAILABLE,GOOD,DRAFT
GN-SW01,BR-GANET,FAC-SWITCH,Nintendo Switch 01,AVAILABLE,GOOD,DRAFT
GN-SW02,BR-GANET,FAC-SWITCH,Nintendo Switch 02,AVAILABLE,GOOD,DRAFT
GN-VR01,BR-GANET,FAC-PSVR2,PSVR2 01,AVAILABLE,GOOD,DRAFT
